Absences,GPA
7,2.929195592
0,3.042914833
26,0.112602254
14,2.05421814
17,1.288061182
0,3.084183614
10,2.748237415
22,1.360142712
1,2.89681919
0,3.57347421
11,2.147171625
15,1.559594519
21,1.520077815
21,1.751580958
9,2.396788117
17,1.341520717
14,2.232175278
16,1.384404176
29,0.469553323
9,2.395784095
2,2.7784113
25,0.346894037
29,0.312546231
20,1.770131877
15,1.505155622
5,2.977851918
2,2.948717672
8,2.14520472
10,2.854803929
20,1.519441726
12,1.72712031
17,1.847535471
25,0.384616973
21,0.949406098
27,1.140959418
23,0.26147226
26,0.218284857
21,1.067763551
3,3.018905858
21,1.526867832
23,1.0582874
7,2.625128098
12,2.808754822
9,2.888891669
1,4
7,2.515300272
5,2.56376543
15,1.703611803
17,2.099885157
16,2.461046963
5,2.935477192
12,1.986378059
22,1.571544191
13,1.66431069
29,0.756259167
25,0.802769539
20,1.342387178
29,0.286571288
9,2.613838694
23,0.929012555
10,1.892758696
12,2.331261549
11,2.234238473
8,2.385828219
3,3.347356744
6,3.261855307
23,1.039623879
28,0.027818625
21,1.329964538
1,3.283916522
6,2.937454182
28,0.738868203
8,2.556801663
4,3.300928569
14,2.200682947
17,1.855865573
3,2.734401494
18,2.131737297
19,0.979769911
25,0.994325024
6,2.074699977
25,0.500508036
7,2.532438418
16,1.463378036
12,2.342836773
23,1.158846334
20,1.523748745
27,0
22,1.058622014
10,2.229740184
26,0.194743281
0,3.506920071
1,3.552286943
16,2.238491354
4,2.708472344
29,0.732908234
29,0.965482445
5,2.55523286
25,0.7443223
24,0.722056581
23,1.27122953
6,2.526142141
27,0.942415395
20,1.515639098
29,0.648273927
14,2.048850082
18,0.842295999
15,1.464187924
24,1.487946865
12,2.587565796
4,3.220806978
2,3.545159432
2,3.089598953
18,1.91995644
13,2.198593185
15,0.878212617
21,1.340368648
16,1.819511336
26,0.619350931
3,3.61946087
12,2.174902796
7,2.974406015
18,0.980735844
4,3.101673809
1,3.498257342
14,2.590553445
1,3.535003758
10,2.819921745
12,2.016596775
22,1.371185039
9,2.104795588
2,3.030439089
4,3.582421872
2,2.426546706
5,3.16143627
12,2.12263853
9,2.204860581
18,1.1829875
7,2.738795716
17,2.237901301
2,3.139481546
23,1.046044771
23,0.816458245
16,2.033544621
7,2.432078523
9,2.65977132
1,3.58888794
11,2.314587628
22,1.00722582
5,2.881612321
1,2.804504929
20,1.762921124
22,1.119911263
23,1.030657506
2,3.075619354
16,2.631434065
28,0.503066907
6,2.784237837
28,0.247626765
20,1.18954877
4,3.375994009
22,1.293573556
0,3.718586904
7,2.670559615
11,2.369648013
13,1.62448682
15,2.537476828
9,2.298417929
14,2.25980415
20,1.321343301
23,0.949974228
25,0.818786616
14,2.339224513
9,2.682776288
20,1.543837471
27,0.196901105
6,2.748610257
25,1.104893788
2,2.553439811
1,3.274233459
5,3.186060378
20,1.72211575
8,2.338046358
9,3.273998748
3,2.993502391
26,0.896397899
2,2.961055259
8,2.674351095
23,1.217873151
21,1.36559111
16,1.522274845
13,2.231402397
9,2.135266355
12,2.255698915
11,2.751145788
26,0.897634159
0,3.117354435
27,1.287595131
21,0.571053098
28,0.581355799
18,1.643462404
18,1.234844041
5,2.96809362
12,2.00929848
18,1.146086034
12,2.192363198
26,0.945730873
25,0.567250028
21,0.970764347
20,1.656060126
3,2.839313249
23,0.18981806
1,3.258294685
14,1.920055853
11,2.021771494
29,0.125933075
26,1.287013412
6,2.591426703
19,1.463379649
17,1.465549386
22,1.710466838
12,2.288505685
16,1.960968849
3,2.621623326
24,0.768316386
13,1.806406345
19,0.881866353
27,0.817068221
12,1.446132528
2,3.339094362
25,0.819625478
25,0.676817973
17,1.389544874
13,1.991508414
14,1.63986755
2,2.511743021
0,2.98391995
25,1.258654854
23,1.417929927
16,1.597016572
2,3.088699868
13,1.641341443
2,2.586870656
12,2.389032645
14,1.8981464
17,2.110487975
13,1.700273589
20,1.044499995
25,1.194166134
2,2.649136828
18,1.234141389
7,2.127408866
3,2.913887649
3,3.119393913
18,1.036378738
10,2.403284547
0,3.156508064
7,2.723471859
14,1.530951146
0,3.468581349
6,2.302032044
20,1.265677909
19,1.479602228
19,1.445076719
23,0.80943381
10,2.15023327
26,0.559143716
28,0.580788485
13,1.602089196
21,1.002798364
15,1.663063453
13,1.53154646
11,2.205842147
16,1.155338561
13,2.15375834
9,2.592786686
23,0.912330507
28,0.695630933
13,2.139619891
17,1.550449331
21,1.5475367
8,2.966548034
16,1.633679371
5,2.33254032
7,3.270262309
25,0.346470593
12,1.894904336
17,1.456742601
4,2.553723151
5,2.224197461
20,1.847600418
18,1.849760707
3,3.268794216
6,2.546516637
3,3.101229221
24,0.655954078
10,3.088512306
11,1.992559805
13,2.605247446
12,1.733972454
28,1.113848788
9,1.649250252
17,1.33755498
15,1.984659919
4,3.060881656
7,2.392897358
13,2.08379699
4,3.645738049
25,0.322286082
27,1.129514334
23,0.630756944
7,3.157229639
24,0.680087787
25,0.796359848
5,2.844039215
15,1.253451854
27,0.534508881
3,3.191046118
11,2.815421275
10,2.157122303
2,2.72382806
11,2.627693906
29,0.912415621
4,2.609623082
5,2.981992255
18,1.625082774
17,1.361698418
15,1.916961896
22,1.011253195
10,2.332159041
4,3.387938348
8,2.384690791
2,2.780816996
29,0.534835754
7,2.542214349
5,3.007129067
3,2.985809814
11,1.949306057
11,2.147845196
24,1.175768025
20,1.400363254
15,1.755544023
9,2.900096239
21,1.033459491
13,1.907742363
12,1.88090929
8,2.614950354
6,3.107135594
11,1.386464562
4,2.833760072
17,1.086151397
3,2.87403736
1,2.895671305
2,3.181307602
25,0.471283109
11,2.211379528
2,3.375252255
3,3.203858191
5,3.350179111
11,1.72579153
18,2.216603815
9,2.004627317
29,0.715742046
0,3.880640085
16,1.689528158
15,1.757978804
8,2.136399546
24,0.911568271
20,1.13780111
8,2.349264927
26,0.623747437
22,0.341029446
8,2.223813667
11,2.328240385
22,1.623077822
8,2.200896322
14,2.584110655
1,2.996503304
10,2.373993481
10,2.830404456
7,2.525115534
22,1.042981651
5,2.661096904
20,1.599593888
19,1.799409149
6,2.657638557
2,2.998484062
7,2.977408433
17,1.375164137
16,1.84886644
10,2.4424562
1,2.856038514
24,1.20615023
20,0.89590299
26,0.273190929
23,0.667508961
18,1.089440604
6,2.813211008
17,1.86875859
7,3.035693596
13,2.135356801
6,3.038116129
27,0.99412941
20,1.232557166
27,0.864403743
26,0.115231855
3,2.934586305
16,2.046938817
4,3.065473134
11,2.4370263
8,2.427614636
25,0.777150955
19,1.879575445
12,1.596574874
24,0.704595243
27,0.764186697
17,1.503416679
19,1.525837862
8,2.270841108
3,3.402352539
20,1.438204968
26,0.336571299
7,3.112281137
0,3.770694722
16,1.655613323
24,1.050469692
8,2.535391284
19,1.396090494
12,2.025416982
1,3.268302548
12,2.017218039
8,2.397682579
29,0.287867323
19,1.548710211
5,2.905242112
27,0.248977131
0,3.418409867
27,0.582920886
24,0.930028646
4,2.679085718
2,3.106230425
3,2.781287884
0,4
13,2.332783964
8,3.06771837
29,0.869123386
23,1.520503877
3,3.289823142
17,2.175739293
13,1.852428691
24,1.47728877
3,2.878926863
24,1.058050772
9,2.57289042
2,3.587735587
22,1.301418014
6,3.209493136
9,2.537230639
12,1.989395759
3,3.004233303
17,1.513516756
10,2.172740552
24,0.641649169
3,2.753590232
23,1.038488352
13,2.255019103
17,1.666702258
7,2.49945943
26,0.278215459
9,2.637594228
4,3.057121728
22,1.361932827
6,3.238931718
11,2.573034385
24,0
2,3.143909878
25,1.0464634
3,2.868574228
9,2.639447292
3,2.669749933
14,2.794885283
28,1.186569729
9,2.520175259
20,1.601078488
29,0
21,1.595054759
15,2.222002853
14,1.615093148
18,1.675919431
28,0.214319504
19,1.556765557
18,2.154199353
17,2.070669312
25,0.567237107
11,2.162688108
24,1.291230426
15,2.340156389
0,2.92396974
15,2.190146602
1,3.074214192
23,1.009430322
14,2.118500602
6,2.615347948
27,0.415930507
0,3.947092964
4,3.017353227
9,2.813786291
21,0.769636121
20,0.892266135
3,3.666290827
13,1.401548239
12,1.423338336
0,3.149644744
15,2.353731152
22,1.161354351
8,2.647195986
21,1.298997985
15,2.644197368
18,1.737989619
14,2.018776899
25,0.717780498
13,2.267584401
19,1.271494623
9,2.621666893
20,1.228528505
11,2.495312361
27,0.701761808
0,3.864976861
20,0.684651926
16,1.885850224
8,2.327832763
22,0.880232812
18,1.411981507
24,1.66253183
17,1.341598477
27,0.659202916
6,2.153371206
8,2.44310292
21,0.270088555
25,1.316724623
20,0.817714202
11,2.05694597
6,3.219333348
13,2.24087006
14,1.913799797
14,2.240334376
5,2.254547586
20,1.89130043
13,2.206226341
1,3.335098155
7,2.411986461
12,2.160978519
22,1.165394363
5,2.583500636
4,3.017063256
4,2.576174697
24,0.23334988
0,3.646516389
8,2.605425232
5,3.366929515
19,1.583780258
25,0.776396706
29,0.78348664
6,2.328311711
8,2.718465436
4,3.244882203
13,2.865674749
4,2.326326756
7,3.303066679
6,2.489218238
12,2.600264187
12,2.119171492
7,2.522694548
10,2.47585411
27,0.782809234
25,0.766404869
17,1.283622078
24,0.643145933
18,1.669230217
5,3.282070051
21,0.743714017
1,3.325066843
27,1.184519764
12,1.616536099
22,1.583083971
24,0.184251489
27,0.472181042
25,1.299355518
10,2.379628283
0,3.56628313
23,0.278347571
1,2.421546883
29,0.617680424
16,1.804726658
7,2.63520813
1,3.436025389
5,2.737377926
21,1.14669608
4,2.405267526
15,1.525282049
7,2.446157081
18,1.952953012
15,2.293087191
12,1.471672029
25,1.106713498
19,1.205856976
6,2.559070355
15,2.457651022
22,1.226741286
15,1.590433098
28,0.310669533
11,2.771810659
13,1.582682992
23,1.105587098
17,2.300296135
26,0.991883698
27,0.165110622
17,0.989329921
15,2.230253521
19,1.383528078
15,2.131405263
12,1.868276923
25,1.247481944
28,0.299907548
8,2.705195695
25,0.897938092
27,1.391731791
8,2.150546166
12,1.448741242
28,0
3,3.091715028
8,2.576927695
14,1.955872527
13,1.878708344
18,1.630400132
11,2.37274811
20,1.279370611
25,0.155004788
24,1.278347034
5,2.655993566
2,2.682316053
25,1.644819939
24,1.396278438
21,1.609486799
19,1.187367525
15,2.019797023
29,0.241625628
19,1.247725194
23,0.852682363
22,0.965700989
16,2.423800752
15,1.741968167
5,2.845925776
7,2.039564398
18,1.54206374
29,0.730779602
24,0.499987778
25,1.122889381
1,2.959492728
13,2.30020524
21,1.352720764
11,2.134062038
16,1.29979432
27,0.747833944
26,0.532923204
14,2.07376979
17,1.991379364
15,1.8999596
12,2.614883942
20,1.810270744
16,1.581931481
7,2.271332803
0,3.363670491
28,0.48129848
24,0.199927379
25,1.268008751
26,0.882552454
2,3.120136639
15,1.804154692
27,0.681703644
1,2.898261817
14,1.730318003
0,3.560791672
8,2.528774574
15,1.592387858
3,2.374130972
11,1.81040948
0,2.829826431
0,3.047602089
6,3.62592173
17,0.927321545
22,1.331958949
27,0.779551722
22,0.881358447
14,2.398121086
25,0.758814269
29,1.028865596
24,1.444476695
12,2.214067459
15,2.511918088
6,2.690149803
15,1.605274386
12,2.709889487
13,1.528563501
16,1.778569202
11,2.121964059
28,0.405904831
23,1.123926328
23,0.870330411
19,1.822829208
12,2.231182932
23,0.966967717
19,1.691858946
14,2.069758206
23,1.057876127
20,1.321427207
3,3.516940721
21,1.049157002
1,3.486141329
27,0.586837405
17,2.358815897
1,3.152222286
24,0.587835083
14,2.668893329
29,0.304372034
25,0.280670308
18,0.873091197
14,2.330783483
25,0.318850909
19,1.792289321
9,2.573219137
27,1.084490126
23,1.08669668
19,1.004112663
10,2.824604893
25,1.364373782
9,2.607286401
28,0.568468084
22,0.573796193
4,2.258071035
8,2.840092975
19,1.683117263
18,1.72090715
12,1.537783909
17,2.063463508
16,1.87854751
26,0.863270859
5,2.513286133
9,2.77216327
1,2.888385936
23,1.337161049
5,2.370611615
27,0.854464648
27,0.322641827
20,1.834226997
12,1.990060452
17,2.226983394
6,2.608386898
1,3.406339082
28,0.867034374
13,2.166091325
4,2.422928333
17,1.509557878
10,2.443857264
9,2.003828379
10,2.465306489
26,0.844792002
1,2.731058898
14,1.736011489
6,2.589670731
8,2.742361123
4,2.49591944
6,2.853437194
19,1.591347992
1,3.209673328
2,3.127617865
1,3.453275897
20,0.822773567
21,1.217335228
22,0.762684311
18,2.145848671
3,3.299131002
23,1.170812285
19,1.424595653
6,2.902659367
27,0.691477419
21,1.8865425
6,2.635341351
16,1.500339419
18,1.235553816
21,0.604613406
15,1.388138976
2,3.300552206
14,2.168641593
13,2.79726748
14,1.717458615
13,1.687900492
6,2.952145863
24,0.963375009
2,3.334971828
29,0.443640655
16,1.955791739
9,2.850351339
14,2.370067422
28,0.152590779
5,2.123043127
27,0.922013232
16,1.428993238
16,1.893440916
13,1.939584666
23,1.511276997
24,0.825604174
17,1.764354309
24,1.2955949
4,2.473717178
28,0.019798485
7,2.202958506
6,3.040025436
22,1.069079987
3,3.941760022
17,1.482595973
4,3.042275369
15,2.10396651
13,1.787522329
26,1.100381883
26,0.854558289
18,1.199651388
13,2.591940919
8,2.282212745
5,2.754877493
16,1.921268647
18,1.583556496
11,1.723385686
3,2.876055005
15,1.88899193
24,1.369369967
10,2.550546234
21,1.943573341
3,3.310401269
16,1.418938675
7,2.353054655
13,1.752886206
26,0.513962989
1,3.021954868
10,1.834749448
10,2.275700147
23,1.767646785
21,1.353723074
23,1.034201169
5,2.758341831
20,1.789966874
20,1.223973607
13,2.443619105
29,0.362957003
9,2.251753922
25,0.900041692
26,0.656616923
7,2.186426951
6,2.883136266
7,2.877853698
27,0.01206349
7,2.583738163
22,1.161554531
1,3.301690513
26,1.505172773
15,1.385696221
8,2.240923949
12,2.116723382
22,1.036656834
11,1.617460207
26,0.865945542
21,1.320245987
24,1.259764683
28,0.081573184
16,1.689673085
26,0.46042165
1,3.577043897
12,2.087872127
0,3.369584362
25,0
27,0.094651592
18,1.405315628
10,1.87826418
4,2.87190477
0,3.70794804
19,1.174868091
29,0.995449642
12,2.528711257
7,2.59683449
5,2.460606774
28,0.547780724
16,1.803054427
11,2.309975848
0,3.093363943
2,2.615900724
13,2.276918318
25,1.051531526
7,2.747706159
10,2.621670104
26,0.243298094
13,2.194706521
7,2.639906488
28,0.833493418
2,3.402401591
6,2.616291695
27,0.339715385
18,1.69772878
3,2.356856807
24,0.84562484
15,2.246545273
12,2.478699183
19,1.374288283
18,1.355381045
4,3.06049075
22,1.556957122
4,3.219531248
19,1.150153548
23,1.321429302
3,3.491326588
1,3.869586724
25,0.170463613
12,2.19738729
29,0.021155583
15,2.386799507
21,1.361031288
1,3.51068089
18,1.43737075
16,1.804417459
4,3.262269864
24,1.169658238
17,1.401550934
27,0.549601825
22,1.516508268
20,2.032219512
17,2.289299775
7,2.086687741
26,1.66766699
14,2.595889051
12,1.950769177
12,2.102541899
15,1.3791672
21,0.67219968
19,1.141638567
12,1.621012115
19,1.122110973
1,3.402044108
2,2.683854739
14,2.996856279
22,1.284865711
18,1.201053303
12,1.978021718
4,3.83669864
25,1.179903407
21,1.54005946
5,3.158858262
13,1.752496836
3,3.045113482
21,1.165603946
18,1.785760791
22,0.841108717
6,2.397182558
3,3.576909015
1,3.225158275
26,0
6,2.806697764
2,3.42183767
14,2.105309279
0,3.160902091
1,2.99354156
9,2.490220426
15,2.13083278
24,0.838464873
27,0.676771033
14,1.735956512
23,1.254572618
14,1.922688235
13,2.19199842
21,1.757523486
13,1.92410232
5,2.80797413
13,2.138772677
16,1.363841047
17,1.722726052
19,1.192108472
18,1.53478239
29,0.115243211
16,1.562359564
15,2.096032625
7,3.009238323
6,2.071108065
19,1.747356452
27,1.079867369
11,2.271400211
8,2.117233031
26,0.743592358
13,1.892745845
19,1.586464189
0,3.512322895
9,2.629211521
16,1.8366428
16,1.83435914
16,1.766055977
3,3.201710217
16,1.263890772
17,1.427724376
19,1.070707952
22,0.832717506
1,3.130222795
7,2.537098951
12,1.671076182
22,0.81655066
24,1.131402736
29,0.333154228
21,1.48906302
19,1.683330032
21,1.921942134
14,1.940006922
19,1.065848673
22,0.968986131
8,2.68614499
2,3.520612392
2,2.815973296
1,3.487510668
0,3.592128978
13,1.578441665
16,1.886008174
12,2.366010872
18,2.434934379
29,0.393186471
22,0.713267665
14,2.57444997
26,0.700539867
24,1.586289237
13,2.058575293
1,3.129640051
6,3.539198712
16,2.059966656
17,1.756035495
5,2.622601052
26,0.262861167
20,1.704415089
7,2.104449931
27,0.83751232
26,0.556828033
1,3.350130974
0,3.279646224
15,1.556328957
6,2.846378753
21,1.137899801
23,1.391787779
10,2.182795221
14,2.253871179
12,2.254020037
29,0.392549011
23,1.484857697
1,2.672093364
13,1.831511281
23,0.758182974
5,2.938175467
8,3.054924125
27,0.9175822
6,3.460884653
17,1.841907749
23,1.185985514
8,2.422230686
22,0.912660673
3,3.073304473
8,2.167282956
3,2.553864498
11,2.448602519
3,3.463239305
24,1.442868859
29,0.913127809
23,0.923753225
19,1.843597083
13,2.096645441
23,0.875367124
23,1.449000321
6,3.081193555
25,1.118752405
12,2.0622007
21,1.562911635
7,2.492838108
22,1.100172041
4,2.693598516
11,1.684842207
12,2.423585367
28,0.405052613
19,0.651340702
13,1.79485975
27,0.963631931
17,1.930782797
26,0.994334751
23,1.354327034
24,0.703573144
19,1.523945155
3,3.358694269
20,1.765695173
17,1.787402596
6,3.154023246
14,2.005144713
20,1.72075965
5,3.127056224
15,1.441918756
19,1.620921239
23,2.19621735
7,3.103075343
27,0.473623396
20,1.043865867
15,2.385530671
27,0.270110314
21,0.438981741
15,1.558059855
2,3.680961344
16,2.11058376
8,3.291540841
24,0.427763354
2,2.846487469
19,1.772355433
28,0.797517669
6,3.520931453
17,1.591365738
11,1.864073652
18,2.411840622
15,2.137692088
21,1.07333339
26,0.312479581
23,0.502226121
16,1.490308897
19,0.876544106
14,2.051919032
0,3.294332437
1,2.607839353
7,2.207001981
21,1.629355896
24,0.493741135
1,3.204313181
18,2.068111785
8,2.281345006
8,2.482172408
12,2.622179002
5,3.350591979
29,0.841175754
14,2.371982915
18,1.922591349
20,1.007517308
14,1.55387334
17,1.247692796
6,2.460743527
25,0.963340431
10,2.083697986
7,2.942198842
5,3.179450768
7,2.627337296
1,3.109493579
18,1.422917512
15,2.058204484
6,2.917010983
9,3.184442107
11,2.605375369
16,2.346025741
6,2.239463986
21,1.751163358
7,2.952721567
6,3.072136606
3,2.809311539
2,2.644059861
18,1.397429095
14,2.440060526
3,2.626819238
24,1.468428885
8,2.380666917
12,2.303453349
17,1.596128103
20,1.685389146
15,1.89700035
0,3.496776545
3,3.361230858
17,0.82170167
7,2.640476136
19,0.897216927
15,1.674676218
20,0.906353743
10,2.419028937
19,2.131447069
20,1.030802659
20,1.50951986
20,1.789239837
26,0.596417017
18,1.414555678
22,1.242176324
18,1.934783812
17,2.315769875
18,1.81861256
10,2.36312146
2,2.791339403
7,2.954534084
19,1.812887043
18,1.141456556
9,2.29536228
15,1.677100802
4,2.752163931
19,1.201444582
8,2.901185607
7,2.676827394
10,2.297639913
15,1.451441021
6,2.981786874
14,1.415221491
23,0.928539344
28,0.984031783
20,1.382935705
19,1.863899822
22,1.228428847
16,2.137393265
5,2.434532444
14,2.256488312
7,2.689155112
6,3.131235885
1,3.770283973
29,0.799591198
12,2.964668231
29,0.702760319
22,1.193617771
28,0.299951906
5,3.299578873
28,0.212367095
4,3.526125038
19,1.611737954
0,3.343050864
28,0.026468661
17,1.63640311
14,1.709701378
22,1.485111828
9,2.999409147
2,3.51541583
4,2.918139128
23,1.362233599
28,0.20506796
12,2.233239466
7,3.159302938
21,1.994611703
20,0.999088544
28,0.521955726
1,3.463687549
8,1.987964727
16,1.681904804
26,0.112635059
17,1.907983914
12,1.197933331
0,3.215272685
11,2.190269259
19,1.150966131
19,0.690151345
20,1.519955292
4,3.16898861
7,1.808164559
26,1.11587873
14,2.00330798
26,0.889714915
2,3.984673603
5,2.325434065
27,0.613316332
12,2.712229743
11,2.096616211
18,1.18306385
28,0.560174606
17,1.167425413
23,0.923181562
0,3.841286249
24,1.212880751
26,0.96214922
6,2.502009134
11,2.456223794
9,2.646556961
28,0.381768495
11,2.396139095
10,2.595648863
3,4
18,1.419522635
5,3.432684708
24,0.129306752
8,2.928948238
19,0.947133463
9,2.999544104
4,3.055386295
26,0
12,2.745858798
8,3.214628426
1,3.415413324
17,1.469389272
20,1.552112938
0,3.548459826
23,0.192625112
20,1.34899742
11,2.143105069
9,2.471386533
1,3.205425334
27,0.454114438
8,2.809833207
1,2.997505608
22,1.176189034
23,1.668924546
29,1.623004075
21,0.517793128
13,1.946100698
10,2.815003048
22,1.248182567
10,2.759014343
16,1.921294208
3,2.732290676
12,2.228608619
6,2.611688473
15,2.197776727
0,3.335506793
12,1.721597963
0,3.287973198
10,2.561964557
5,2.358571866
19,1.497673654
2,3.517237129
11,2.40408982
4,2.517228982
8,2.435244282
25,1.283227506
25,1.099434304
11,2.191196795
29,1.584478764
29,0.475730833
27,1.207268546
26,0.264924163
9,2.70665962
18,1.530427889
4,3.127452528
25,1.003614146
4,3.369218605
8,2.791386108
26,0.673525946
27,0.337554141
25,0.886889416
26,1.506662773
19,1.705199389
16,1.972791414
9,2.626082829
20,1.671968653
0,3.093760925
21,1.64337376
27,0.339206699
15,1.926359068
25,0.449906208
25,0.709570839
14,1.748279682
22,0.972168258
16,1.934935784
25,0.690347884
19,0.730366159
24,0.682265165
12,3.023482483
0,3.729652301
24,0.841963225
7,2.584174279
4,3.372126043
5,3.060805402
22,1.168052
19,1.349256122
29,1.117964826
13,2.578667734
21,1.625551955
22,0.934016396
10,2.70263834
5,2.964009263
10,2.267458132
12,1.753623068
11,2.023234082
21,1.678012532
1,3.659836405
20,1.362744369
2,2.813805768
22,1.302711984
3,3.383911479
16,1.378751308
27,0.731486867
27,0.400569479
21,1.729073167
5,2.615653765
6,2.986942737
14,2.126988971
10,2.70811104
23,0.815777369
2,2.524423895
29,0.908238604
5,3.055690207
25,0.837946898
1,2.833576111
28,0.785213568
13,1.885614785
8,2.701230508
17,1.521915901
18,1.879725987
11,2.037348017
12,2.520673675
25,0.136165908
11,1.974655245
11,2.194980372
17,1.717995924
8,2.510328721
16,2.434950557
20,1.355053462
15,1.545255105
16,1.619030513
20,2.020741652
23,0.983576997
7,2.062468267
10,2.644194209
23,1.347863829
1,3.055253982
7,2.513692715
11,2.340371914
20,1.582093266
0,3.565524163
22,1.60147255
12,2.637266429
21,0.905209948
20,1.576756471
16,1.785051808
13,1.880065093
13,2.555223105
15,1.574306088
16,1.813846622
5,2.584468263
25,0.529798609
27,0.714651286
6,2.737474166
25,1.270529562
25,0.750888043
0,3.752639353
24,1.162257801
14,1.871465901
19,1.074937389
20,1.312772414
17,1.702881675
29,0.540375157
27,0.341822388
25,0.269720862
12,2.504167767
23,0.530358189
29,0.82010553
1,3.408489771
18,1.350329806
14,2.029736582
11,1.774531103
14,1.991909949
24,0.754035723
17,1.491382129
13,2.157391833
5,3.107348401
11,1.999571861
19,1.363340948
22,1.306868039
29,0.588555623
29,0.681956139
5,2.818581824
25,0.744692833
29,0.725192946
8,2.92682044
29,0.552257573
24,1.298729107
25,1.186737828
3,3.332788588
16,1.489067021
1,3.307378114
15,1.610940683
23,2.057378501
13,1.673711404
25,0.490630062
7,2.231656972
13,2.259451154
1,3.45446246
15,2.15861017
3,2.747908443
0,3.32390296
22,0.909763533
19,1.1678958
26,1.220417976
13,2.334525644
7,2.844732262
24,0.972247738
27,0.856397043
24,0.952675033
2,3.235302581
4,2.533432396
5,2.772388537
21,0.946767905
25,1.315464371
7,3.318208029
5,2.33110892
5,2.905973098
3,3.344575198
6,2.168178925
29,0.211194223
29,0
23,0.893986013
18,1.830793245
6,2.465117414
2,2.650522344
7,3.161961511
0,2.905702974
0,3.732684701
13,2.109686328
5,2.546634578
9,2.115603969
24,0.48378939
27,0
13,1.811155481
3,2.674162551
5,3.102745561
15,2.432896398
27,0.591872336
20,1.419798985
27,1.364982521
0,3.524855823
5,3.056218177
8,2.570682492
14,2.134832886
11,2.301932108
2,3.354368116
10,2.252575524
14,2.059778342
2,2.705024407
13,1.820843734
1,3.260950491
28,0.741527556
3,2.943750198
25,0.447482856
18,1.844059264
11,1.899197563
1,3.378845727
16,1.666640098
2,3.309453585
9,2.761823751
15,2.042537979
21,1.487476937
8,2.873972282
10,2.015949465
20,1.070296764
14,2.605399264
2,3.363389119
15,2.125090595
29,1.05066898
20,1.580050524
20,1.397062952
20,1.165787162
27,0.962072486
11,2.310235179
22,0.935779341
4,2.93800283
6,2.767151338
8,3.026983311
20,1.536419479
17,2.495379497
20,1.61557166
7,2.210371328
11,1.798015444
19,1.566288518
1,2.921386757
9,2.519724823
18,1.489207319
8,1.663637124
24,0.773784206
23,0.891624046
7,2.215087049
23,0.651515021
23,0.974017417
23,0.341393542
0,2.773483879
5,2.497877304
11,2.076443746
24,0.773427636
23,0.988153077
18,1.37757284
26,0.47659774
16,1.836242137
1,2.924032115
10,2.288768203
17,0.822107889
22,1.467549103
27,0.654489821
21,1.826265078
10,2.167614892
17,1.812581086
7,3.010135528
14,2.136653209
8,2.296814521
14,1.499666675
6,2.527606694
19,1.378777262
12,2.461977068
12,2.142708088
0,3.478519715
19,1.135969891
3,3.315632433
23,0.94529904
3,3.36009771
3,3.583447605
12,2.268905392
1,3.394649867
27,0.423991948
25,0.835989766
22,1.286083735
14,2.131780854
3,3.30866402
26,0.958776298
5,2.539771016
2,3.012897487
6,3.167455277
5,1.904515902
2,3.033291954
3,3.457711726
9,2.450335443
29,1.164702428
20,0.827082916
8,2.398314479
29,0
5,2.757797931
28,0.347836976
19,1.676727437
26,0.574278
10,3.10399438
6,2.802073834
17,2.127589297
3,2.688349836
4,2.78376521
3,3.133768039
3,2.618699895
26,0.771677492
12,2.274842047
15,1.539619406
24,1.128068364
13,1.595627367
10,3.138498873
28,0.798886573
1,2.972883441
21,1.556218796
13,1.852671741
23,0.974968345
23,1.391431871
26,0.236497222
6,2.629933234
25,0.529603259
10,2.319119147
3,2.759021765
6,2.096065652
28,0.745518983
15,1.794667106
25,0.701263713
5,2.457901407
26,0.42913728
5,3.016897868
1,3.618272712
23,0.425813761
7,2.735960967
29,0.223430509
26,1.011746757
6,2.573440474
26,0.200145527
24,0.802647806
23,0.539645751
13,2.481595434
8,1.633811562
14,2.401469995
24,1.265891445
21,1.266286344
17,1.62246463
11,1.858296307
22,0.640439809
18,1.39789719
12,1.429180582
6,2.934692102
24,0.632826221
9,2.565347318
29,0.397989397
9,2.064564303
1,3.121119482
13,1.920609663
12,2.329909645
21,1.272010108
28,1.066424623
5,2.905384066
8,2.567031803
12,1.694384385
8,2.801388939
12,1.813628891
4,3.343278194
13,2.184691612
4,3.492211997
8,1.813679554
7,2.772549372
6,2.440006097
7,2.868464156
21,0.516631514
2,2.89147847
22,0.710956982
23,0.424432895
14,2.248337588
7,2.715490936
0,4
6,2.676389709
18,1.854700442
1,3.548520551
13,1.952333649
17,1.849643388
29,0.875201088
14,1.79355573
13,1.855666912
23,0.551139653
24,1.580398636
18,1.874157778
29,0.5152394
18,1.331229486
21,1.621772736
26,0.384375396
25,1.36356155
16,1.479668777
21,1.581203876
27,0
18,1.886578593
26,0.863545352
15,1.488705295
19,1.472900493
24,1.344085718
18,1.364736911
0,3.830205375
18,1.597365745
6,3.320316974
28,0.648705395
22,1.01826465
10,2.4407699
4,3.152519371
29,0.217042011
16,1.811622381
10,2.777966932
23,1.223828265
25,1.101939932
7,2.06017205
9,2.524422658
11,1.966514042
9,2.841519002
12,2.200020267
25,0.925269361
17,1.842584135
9,2.669640829
18,1.32766643
19,0.754750671
16,1.845656784
19,1.537989779
15,1.580926627
4,2.883799715
2,3.054990811
29,0.328085704
26,0.611569306
14,1.567412438
25,1.219747245
1,3.021398881
12,2.262147696
21,1.455085453
7,2.448840531
22,1.280041579
26,1.043380128
29,1.03518153
16,1.573051021
3,2.898151346
18,1.820920109
21,0.728794517
24,0.902357255
8,2.421061773
22,1.221299421
14,1.996107386
27,0.622706295
8,2.902602513
23,1.348607002
20,1.351141052
8,2.745554083
13,2.993214464
22,1.589269707
20,1.653099762
15,2.136285525
23,0.737048752
22,0.352751959
24,0.690156791
25,0.94304592
16,1.881978741
12,2.474039537
8,2.507742674
14,1.563591912
6,2.455643755
0,2.736604875
0,3.26201999
4,2.283870956
23,1.154410009
8,2.789099828
11,1.538689251
5,3.05607009
27,0.740896702
12,2.49968118
25,0.89524998
27,0.774284814
7,3.014802534
14,1.821442174
5,2.543009095
26,0.64545438
5,2.631367841
3,2.712420466
10,2.672755461
20,1.714811785
29,0.210979179
17,1.859071573
2,2.672866707
2,2.719201157
29,0.736992886
11,2.295213478
26,0.840690941
20,2.131628504
29,0.992296574
20,1.451872243
5,2.860396826
20,1.182565054
27,0.130654238
5,3.362716215
7,2.251847104
14,1.688476384
17,1.815401718
19,1.494869559
28,0
15,1.571786434
5,2.234685549
27,0.508656501
20,0.70167991
16,1.817789572
8,2.337558462
18,1.763324116
17,1.580149839
24,1.513660413
22,0.546839868
4,3.112170722
27,0.30759406
5,2.22851143
11,2.506415414
10,1.977538044
15,2.340811013
19,1.26112824
16,1.783001896
19,1.501240092
8,2.239253985
0,3.823801328
25,0.895261805
2,3.532640383
20,1.022641734
22,1.960538709
8,2.745491801
21,1.554112899
18,0.706825346
12,2.823600085
22,1.293408827
13,2.126276926
19,1.112671201
18,1.261587709
29,1.078485135
22,0.675458391
26,0.68547287
26,1.020926365
6,3.427620858
3,3.248572792
11,2.278951505
22,0.833079022
26,0.857092794
13,1.744497663
1,2.806877505
0,3.490543307
27,0.693964852
17,2.161558737
19,1.893344472
7,2.882958071
2,3.270373861
25,1.0270156
5,2.489668902
21,1.708798771
12,2.324093257
8,2.197491146
8,2.5001133
19,1.050005852
8,2.438440919
14,1.914601844
12,1.62783713
21,1.069524152
15,2.369652313
1,2.974740695
25,0.357808892
13,1.92255149
26,0.330966908
5,3.219685483
1,3.951459951
7,2.795210553
3,3.561743268
20,1.361088227
23,0.738958982
13,2.320772544
10,2.837891418
23,0.827339491
27,0.875883705
13,1.467968316
11,2.122102757
15,2.481813409
5,2.876083673
19,1.662692199
0,2.964058726
11,2.032178463
6,3.207819245
7,2.553484846
8,3.128858646
1,4
16,1.357062701
19,0.684887998
12,2.234696287
4,1.953200561
9,2.470924003
11,2.512488759
16,2.097251578
20,1.345131463
5,2.241727972
2,2.637348955
27,0.286110039
14,2.084547707
6,2.777885894
29,0.484183196
5,2.875735286
3,3.471337214
18,1.318074459
4,2.715908932
2,3.474561845
25,0.934942991
24,0.51852243
8,2.726094629
5,3.09906465
12,2.073545292
26,1.983133992
21,0.766273679
27,0.636132934
29,1.148033413
19,1.75040468
3,2.821108107
1,3.240512074
25,0.705861631
3,2.912722178
7,2.894723042
12,1.777279849
9,2.457187515
17,1.939076537
8,2.291686152
29,0.584740729
0,2.90546616
12,1.738942134
17,1.669807052
14,1.648288922
1,2.71039131
10,1.956169126
28,0.672936198
13,2.607172929
21,1.5660205
14,2.197394592
13,2.332971817
15,1.773293697
22,1.149649627
28,0.840985451
14,1.563574034
18,0.870713478
26,0.613165988
8,2.572391709
4,2.307596623
4,2.318046521
10,2.310557286
27,1.585820037
19,1.63061374
24,1.5586322
23,0.683505301
27,0.970912379
3,3.344626675
19,1.885916652
17,1.469964557
24,1.436375445
2,3.399542858
3,3.563535791
13,2.07443875
6,2.504005287
25,0.966948807
7,2.691044205
23,0.864785084
15,1.993952453
19,1.20017972
14,2.195712898
6,1.901266524
25,0.839976524
16,1.362043769
21,0.850743865
21,1.003365306
21,1.390539698
11,2.439981326
17,1.243311716
23,1.964846656
13,2.688229331
14,2.739701667
14,2.496121936
4,2.968807133
15,2.215944169
4,3.503743265
1,3.384729472
19,1.41760401
27,1.139337063
24,0.769589864
8,2.348443454
21,0.32183143
26,1.124137186
8,2.717096954
3,2.65654078
14,1.527748066
10,2.735672949
0,3.748102281
17,1.706212489
28,0.959041523
0,4
7,1.858924856
24,1.000775557
15,2.413651873
25,1.172191633
27,0.2759351
21,1.90764038
17,2.018579782
21,0.91571218
8,3.12911664
11,1.945989188
18,1.510058697
24,0.153031812
17,1.711984677
26,1.419977099
4,2.438731253
26,0.316755974
1,3.543315915
6,3.125269662
26,0.655011588
9,3.511613863
14,2.862562819
24,1.116228461
6,3.201181955
27,0.100592148
4,3.017133682
14,2.220548509
19,1.111068462
27,0.991892391
19,1.175347658
14,2.292539642
9,2.294221357
23,0.369920627
25,0.665741207
28,0.728918814
25,1.010198034
13,1.829810546
25,0.94094722
25,1.152866691
9,3.030196983
16,1.757091954
20,1.966123443
13,1.301643736
1,3.772896608
15,1.922165909
12,1.789036776
26,0.632988118
8,2.850435292
6,2.684821287
15,1.89934025
9,2.454306702
23,1.208332283
21,1.526916046
8,2.686716754
21,1.130785359
22,0.741103055
6,2.893400295
15,1.376380688
8,1.935602561
26,1.058311352
23,1.230428756
28,0.14706887
16,1.169690514
19,1.016215042
6,2.521027735
10,2.027841922
7,2.670947554
6,2.872879366
27,1.029648645
18,1.757497313
19,1.895283343
11,2.035367286
6,2.053147894
7,2.329719254
6,1.756211553
5,2.827342954
24,0.693712512
8,2.953961922
26,0.989468441
12,2.137068106
6,3.032105333
7,2.804363175
21,0.612802502
16,2.20223294
16,1.410262038
15,1.441409543
21,1.233587021
1,2.790575147
29,0.378543635
7,2.172812322
16,2.391687683
12,1.783107467
17,1.785926986
23,1.268772123
27,1.486865652
21,1.061935997
27,0
9,2.15161798
1,3.597489094
1,3.812757188
26,1.176781506
13,1.948327516
15,1.808097198
6,3.22214009
20,0.809260143
20,1.29459288
23,1.077747684
11,2.920181898
27,0.796142916
22,1.446052352
27,0.940184257
13,1.782060667
24,1.10589987
3,2.813470345
25,1.651786672
3,3.603507572
17,1.526960289
2,3.459044734
0,3.333970002
16,1.718181723
6,3.183232489
29,0.996647663
15,2.525086322
29,0.512852046
4,2.864498067
18,1.733364047
6,2.986891621
13,2.565368053
1,3.139189305
2,3.636416568
16,1.467442367
15,1.799531149
7,3.183126117
17,1.441964197
14,1.881588987
6,3.132629297
26,0.814285349
8,2.477790374
5,2.971332016
17,2.071972431
17,1.635686733
24,0.906276516
25,0.809067853
23,1.683832026
13,3.138784394
13,1.79895034
13,1.687307435
24,0.903085577
3,3.137624351
3,3.18921717
14,1.795369078
14,2.4359582
17,1.688489609
13,1.844056379
25,1.305584514
0,3.545153036
9,2.172345542
28,0.375147851
19,1.557870493
9,2.18571084
9,2.459804672
26,0.427568507
23,0.871999115
1,3.222937499
28,0.818126103
27,0.618936614
26,1.174609514
7,2.800569084
0,2.995458296
0,3.353659743
3,2.732661197
6,2.555667543
8,2.378050042
15,2.060792459
4,3.115250556
1,3.453790619
27,0
22,1.028183689
10,1.989455196
17,1.672034058
24,0.87626666
24,0.859745288
18,1.970600159
12,2.268850734
23,1.119441018
10,2.370893097
19,1.499701932
18,1.87909846
16,1.699348106
4,3.36759116
12,1.287818998
29,0
26,0.57640272
19,1.992298847
0,3.043931624
9,1.756186168
7,3.253785962
23,1.093387571
28,0.763471998
7,2.297355586
18,1.651156129
5,2.827614868
11,2.055772256
27,0.769740612
6,2.635693451
15,1.933779809
8,2.71575327
20,1.325172784
24,1.24509114
21,1.333974103
9,2.622327676
9,2.407284043
9,2.26616031
19,1.760999679
28,0.813017422
15,2.192414534
0,3.211743755
16,1.278235666
29,0.923831698
25,1.325039017
20,1.609410277
28,1.262848732
13,2.243593091
18,1.557687965
20,1.162574074
20,1.680661182
16,1.599424076
13,1.273818176
7,2.210289203
20,1.008571903
20,0.968725635
8,2.681277359
7,2.401373853
12,2.376854346
16,1.947676936
18,1.779756126
27,0.557548887
6,2.795405809
16,1.51476376
0,3.040729613
4,3.208461746
24,0.621119928
5,2.799669734
25,1.302392884
1,3.482452519
26,1.252348589
24,1.169745803
15,2.284791447
21,1.021019253
4,2.897355004
4,3.275903453
11,2.430091199
2,3.228448079
29,0.214570091
15,2.024030376
5,3.034167439
14,1.699825309
14,2.095648191
28,0.524213567
15,1.302641404
19,2.137124411
12,2.422276094
11,2.569614181
9,2.702958618
13,2.3116705
1,3.384992089
28,0.390755887
2,3.597766084
8,2.275665113
10,2.710576701
10,2.555975376
24,1.027727966
21,2.095691365
9,2.380839869
25,0.662078737
13,1.996513116
8,2.139864151
19,1.361434707
26,0.495859041
20,1.287667357
9,2.665075552
21,0.954787542
28,0
8,2.316959974
28,0.674362944
4,2.536633782
7,2.343331353
10,2.240450838
0,3.052640958
20,0.953840685
9,2.596111265
0,4
25,1.08238995
29,0.528225551
21,1.462746292
6,2.006721725
27,0.473300871
13,2.378048945
4,3.546432809
16,2.288466675
21,1.339935509
25,0.813147627
20,1.556106071
5,3.262922355
15,2.179357069
10,2.220050547
9,2.226513595
14,1.565647848
6,2.078777899
22,1.562411262
1,3.57294532
11,2.073033167
18,1.288937696
11,2.547449606
15,2.037768575
5,2.915898133
2,2.799063885
1,3.250110011
19,1.823323103
4,2.992912336
10,2.631736304
25,0.932669739
24,0.872209536
2,2.45150244
2,3.495949742
21,1.088882482
4,3.979420918
21,1.52101349
22,0.766257447
10,2.471395779
2,3.286585134
12,2.121473442
20,1.347633493
7,2.462943118
19,1.041028901
9,2.669979035
1,2.735041611
3,2.742091794
17,0.984294295
18,1.454722898
3,3.158592324
19,1.06741085
25,0.569419885
8,1.934761727
15,1.849103876
25,0.825019641
5,2.913898459
24,1.164539166
3,2.928219391
8,2.652354813
26,0.709353374
12,2.50949123
8,1.979379414
5,2.956254524
20,1.191929046
18,1.810037823
13,2.539112849
20,1.395630675
14,2.000084011
2,3.455509411
4,3.279149727
20,1.14233288
17,1.803296763
13,2.140013878
